[
  {
    "id": 1,
    "image": "./swim.jpg",
    "category": ["lifestyle", "men"],
    "title": "A guide to latest trends",
    "url": "/blog-details-standard",
    "author": "Admin",
    "authorUrl": "/blog-standard"
  },
  {
    "id": 2,
    "image": "./goat.jpg",
    "category": ["lifestyle"],
    "title": "Five ways to lead a happy life",
    "url": "/blog-details-standard",
    "author": "Admin",
    "authorUrl": "/blog-standard"
  },
  {
    "id": 3,
    "image": "./window.jpg",
    "category": ["lifestyle"],
    "title": "Tips on having a happy life",
    "url": "/blog-details-standard",
    "author": "Admin",
    "authorUrl": "/blog-standard"
  }
]